{
  "angry": 6.295351473922903,
  "disgust": 9.331932773109244,
  "fear": 0.9702927042376583,
  "happy": 0.5086337195987725,
  "neutral": 0.8687998748239713,
  "sad": 0.6223729193521269,
  "surprise": 1.0208678065820922
}