{
  "accuracy": 0.5600240096038416,
  "f1_weighted": 0.5752903041833312,
  "f1_macro": 0.47061766161126817,
  "roc_auc_ovr": 0.8452183735445227,
  "confusion_matrix": [
    [
      14,
      0,
      3,
      4,
      9,
      6,
      2
    ],
    [
      9,
      12,
      1,
      0,
      0,
      4,
      0
    ],
    [
      45,
      9,
      64,
      8,
      42,
      46,
      31
    ],
    [
      27,
      8,
      16,
      330,
      40,
      35,
      12
    ],
    [
      15,
      7,
      13,
      17,
      157,
      57,
      8
    ],
    [
      32,
      16,
      42,
      18,
      82,
      183,
      9
    ],
    [
      6,
      2,
      27,
      9,
      12,
      4,
      173
    ]
  ]
}