{
  "accuracy": 0.5240096038415366,
  "f1_weighted": 0.5357482376226763,
  "f1_macro": 0.4249554142501375,
  "roc_auc_ovr": 0.8269342005188474,
  "confusion_matrix": [
    [
      12,
      2,
      4,
      6,
      8,
      3,
      3
    ],
    [
      8,
      9,
      2,
      2,
      0,
      2,
      3
    ],
    [
      47,
      13,
      57,
      9,
      44,
      28,
      47
    ],
    [
      26,
      8,
      12,
      317,
      53,
      32,
      20
    ],
    [
      19,
      7,
      18,
      19,
      166,
      32,
      13
    ],
    [
      39,
      30,
      43,
      20,
      107,
      129,
      14
    ],
    [
      9,
      0,
      17,
      8,
      13,
      3,
      183
    ]
  ]
}