{
  "accuracy": 0.996186844613918,
  "f1_weighted": 0.996186844613918,
  "roc_auc": 0.9999854002876143,
  "confusion_matrix": [
    [
      556,
      2
    ],
    [
      2,
      489
    ]
  ]
}